{"filesMd5":[{"page":"/mediator/index.js","md5":"860bdcd56c25b178187c2006ea938a82"},{"page":"/pages/yjapp/batch-list/batch-list.js","md5":"d4d8e55dc2fccb9360d2d287e42bf0fe"},{"page":"/pages/yjapp/404.js","md5":"c56c90ea25b1ccb4a653af4fc9770d6a"},{"page":"/pages/yjapp/collection/collection.js","md5":"2f00c927210bebcf78663034643767be"},{"page":"/config/index.js","md5":"f385efd4f9da5c33540686520d7bce44"},{"page":"/pages/yjapp/collection/collectionlist.js","md5":"348c160bca47028517a090acbe12e32e"},{"page":"/pages/yjapp/echart/list.js","md5":"189bce7905a6dc18fce467cef89dcec2"},{"page":"/pages/yjapp/help/index.js","md5":"8738cff0397e9b667c444d325a53354e"},{"page":"/pages/yjapp/invoice/detail.js","md5":"1b5e888a2d84c64b5b2b79d46c808c37"},{"page":"/pages/yjapp/invoice/list.js","md5":"9cd6429befaa33ab9d1bffe53128680f"},{"page":"/pages/yjapp/index.js","md5":"b860e7bb41370b3c2ca6c0f129788829"},{"page":"/pages/yjapp/login.js","md5":"e081c560ca8659a12ba15074bbce50f0"},{"page":"/pages/yjapp/logistical/detail.js","md5":"bb5ce9f0ff5a997aa122881efaad9e87"},{"page":"/pages/yjapp/logistical/dislist.js","md5":"7f9ea1610a5174186a81caf9b32944b3"},{"page":"/pages/yjapp/map/map.js","md5":"f0cbad8f82a92f67657d9a6a2c22adcc"},{"page":"/pages/yjapp/order/detail.js","md5":"79a661ead748d9de56d71e930e1d6212"},{"page":"/pages/yjapp/person/apprecord.js","md5":"db0e18d75ba6282e58b110364d7d9431"},{"page":"/pages/yjapp/order/list.js","md5":"f83c288520611ab7be8574c8ce0372d7"},{"page":"/pages/yjapp/person/person.js","md5":"63eaa971e8e75f8c54e44c0ccaf1c888"},{"page":"/pages/yjapp/service/orderRefund.js","md5":"4fd667f0e57764ae1746c49c5e334382"},{"page":"/pages/yjapp/scan/logisticalscan.js","md5":"bf6f1a03920d447019b17024ce09b320"},{"page":"/pages/yjapp/signin/sigin.js","md5":"19fbd9e1cdbbe39e4919f1eeae8d0bfa"},{"page":"/pages/yjapp/signin/sigindetail.js","md5":"89fb8bb0f18b60e0cd0f126ca26a1ccc"},{"page":"/pages/yjapp/logistical/pay.js","md5":"899f3ba5f7c454db28aeec0b2b26077b"},{"page":"/pages/yjapp/signin/siginlist.js","md5":"cadfe660fee0598987e5cc0771c2b627"},{"page":"/iconfont/yinjie.ttf","md5":"7704126e3594325d7783d52799f6e949"}],"android":"1.0","iOS":"1.0.0","appName":"yjapp","jsVersion":"5150678f1f9ca85669837da3c966a35a","timestamp":1528193109888,"jsPath":"http://47.106.121.134:3001/static/"}
