{"filesMd5":[{"page":"/config/index.js","md5":"e9b2550d4d73931709d7a0b12d6ef124"},{"page":"/mediator/index.js","md5":"aa11fca61778addc9cdb027b2382998a"},{"page":"/pages/yjapp/404.js","md5":"ead83fae1a3b331d1506a2536e0d5e5e"},{"page":"/pages/yjapp/batch-list/batch-list.js","md5":"cdc1c626f5fa3f1b259a9c06c8b871a2"},{"page":"/pages/yjapp/collection/collection.js","md5":"9a7ac521dbe80e3008f04a4fe6da62bf"},{"page":"/pages/yjapp/collection/collectionlist.js","md5":"7df18d729a12de80a9a79a360caf8759"},{"page":"/pages/yjapp/index.js","md5":"b49c0af71604510b4b908718a659e2fb"},{"page":"/pages/yjapp/login.js","md5":"42925cd21dba4ba0f92453578d356b0f"},{"page":"/pages/yjapp/logistical/detail.js","md5":"d078a7ef6af1a50aa30259f584ca6413"},{"page":"/pages/yjapp/logistical/dislist.js","md5":"75e74b94a55ab05870b7b7844630d817"},{"page":"/pages/yjapp/logistical/pay.js","md5":"3fc24e534abbfed37777372ea16a2ef6"},{"page":"/pages/yjapp/order/detail.js","md5":"32a69e3ffce4fc982634e815c51d30e9"},{"page":"/pages/yjapp/order/list.js","md5":"6f0285dcb40b09ac92bb745b39ab0206"},{"page":"/pages/yjapp/person/person.js","md5":"65b62fc6ec2f21ed87d21d5733c587d2"},{"page":"/pages/yjapp/scan/logisticalscan.js","md5":"5a39e4d66bf32ec57b51de5d04c15360"},{"page":"/pages/yjapp/signin/sigin.js","md5":"1c77867faa36e3df0a151f2525d50d93"},{"page":"/pages/yjapp/signin/sigindetail.js","md5":"bee96bcfd098ba38a0f1403723180116"},{"page":"/pages/yjapp/signin/siginlist.js","md5":"f3f66ef61ed63c110ed9e920813e96ee"},{"page":"/iconfont/font_1469606063_76593.ttf","md5":"f6222bcfedff4a817bb50df7a049d1db"},{"page":"/iconfont/font_1469606522_9417143.woff","md5":"6cf5490fd14ff83350ff952bb5b8e484"},{"page":"/iconfont/font_zn5b3jswpofuhaor.ttf","md5":"c0356b22e8235d2b0be8880cc81894cc"},{"page":"/iconfont/iconfont-eros.ttf","md5":"68780fad0047dc5b02cb613ebb08cda1"},{"page":"/iconfont/iconfont.ttf","md5":"ec86bfe5bdb872bad2b2af4f11da14f4"},{"page":"/assets/alipay.png","md5":"8c9386a08d07e24fba5174cb5e7d8ceb"},{"page":"/assets/demo.jpg","md5":"332c4e7d5398207c1b49750369a72848"},{"page":"/assets/la.png","md5":"1c4754518b0fe054b66ed9dbfd1907bc"},{"page":"/assets/scan.png","md5":"1adf23ea0d417494af1a671987b89292"},{"page":"/assets/wechatpay.png","md5":"fa9cc72e2d5884d254e7e44ee3a737c9"},{"page":"/assets/yj.png","md5":"999b2d10200329bf1504521f6dd7ee85"},{"page":"/assets/distribution/bg.png","md5":"2cfb6d78171384de83580acab9ac78e7"},{"page":"/assets/distribution/listbg.gif","md5":"05f5754dc6a2298e6084a9c16569cdf4"},{"page":"/assets/icon/1.png","md5":"582ca2eb53809d06ac9d62d260490ad7"},{"page":"/assets/icon/2.png","md5":"622876185a4f1dac61db9949cfc74d25"},{"page":"/assets/icon/3.png","md5":"529d22b73724a6df5f47c34bcc920908"},{"page":"/assets/icon/4.png","md5":"9d5f3a4d69cda1b7f409c0038ca31e26"},{"page":"/assets/icon/5.png","md5":"75d64896acf8694ef3106e69c01fd510"},{"page":"/assets/icon/6.png","md5":"a30e26f1e17ea519799bc6c0b3b045be"},{"page":"/assets/icon/7.png","md5":"932632094b874838fcc04e16895dba81"},{"page":"/assets/icon/8.png","md5":"cf40ae0fae961b7257685965c00d3e85"},{"page":"/assets/icon/company.png","md5":"cf7bd63b26ee00096e548f3f5b0c66a1"},{"page":"/assets/icon/orderimg.png","md5":"e05634b7ad1d1fd585a13d4899402cf0"},{"page":"/assets/icon/orderstatus.png","md5":"af19e0c3bc4a9b5655a7e43b6d41a5e7"},{"page":"/assets/icon/ordertab.png","md5":"2761576947e46b285481e61e5d416984"},{"page":"/assets/icon/tabimg.png","md5":"e5c4cab0a25db96338d7029262ed09c0"},{"page":"/assets/icon/time.png","md5":"f4844d97efe5d9f1b1c03266fa543860"},{"page":"/assets/icon/user.png","md5":"f46ed15d3d904f63f6285eb7d22d5ed6"},{"page":"/assets/icon/userid.png","md5":"44a5006426f63a9ed004ce049c9c7b02"},{"page":"/assets/icon/username.png","md5":"81a0e3de85fc580fe4e8579645bed92a"},{"page":"/assets/list/1.png","md5":"5e9439c6e01a7d1486d4e50be6ea14f4"},{"page":"/assets/list/2.png","md5":"40e766ff6e0e0ef05ca85a118568a4b5"},{"page":"/assets/list/3.png","md5":"5e9439c6e01a7d1486d4e50be6ea14f4"},{"page":"/assets/list/4.png","md5":"b0d7ec3b6087dcd7d8c283c7aead14ca"},{"page":"/assets/list/alipay.png","md5":"0d3f33244808df2423b43d3741644487"},{"page":"/assets/list/code.png","md5":"8f28ca28015d143824f40d79295b2c6f"},{"page":"/assets/list/codebg.png","md5":"45e287e83ca3dc9dbe90c1256fabb15f"},{"page":"/assets/list/wechatpay.png","md5":"bf0c67fefedb998362e662ad47c6028d"},{"page":"/assets/login/loginbg.png","md5":"bfb8f970817b2e43cc7767923e90a093"},{"page":"/assets/login/loginbtn.png","md5":"15fc5b2d305638c3dfdb3f0623e62b4e"},{"page":"/assets/login/logo.png","md5":"349e90289fdc3e72432df49372e28dc4"},{"page":"/assets/login/pwdicon.png","md5":"58fbd07598dff4e0b9353f901195efbe"},{"page":"/assets/login/usericon.png","md5":"76f726307e950038c2a3d6ed555380a0"},{"page":"/assets/main/1.png","md5":"04c413beb6879766b911fff157088cbd"},{"page":"/assets/main/2.png","md5":"afaa1c53bccc32582b713da4ae38b2f1"},{"page":"/assets/main/3.png","md5":"baa123f4c3695780cb9c2f8f8c30f4dc"},{"page":"/assets/main/4.png","md5":"049ff6e6b5697682ae37bcf354b372ef"},{"page":"/assets/main/list-active.png","md5":"9809a14a660ddaa122317e369400ccf2"},{"page":"/assets/main/list.png","md5":"a6e1531acd4414e017af43bff0ec32fc"},{"page":"/assets/main/main-active.png","md5":"d1bc3b3f2789c02513343fce12654c7f"},{"page":"/assets/main/main-bg1.png","md5":"035e698a12958a45a7a6fcf62b939b32"},{"page":"/assets/main/main.png","md5":"93de49cd5e8c7f974fe859a50950e2cc"},{"page":"/assets/main/person-active.png","md5":"0e34e0f0bec07b52b3235731f26ae28d"},{"page":"/assets/main/person.png","md5":"56a8db63f7bb6fd798f5215b1f4173a4"},{"page":"/assets/main/个人中心2.png","md5":"152a82c3097ba6096337545240c1244d"},{"page":"/assets/main/主1.png","md5":"99708a80b2e6aa1ea63112e99b378a8f"},{"page":"/assets/main/主2.png","md5":"2c542c252896a40fe54f1dd12b63e2cf"},{"page":"/assets/main/分仓入仓.png","md5":"d22c1b42bf1eb45fbfb763606d1930af"},{"page":"/assets/main/开始配送.png","md5":"267ab44a3bf1c7099219dc42666609c4"},{"page":"/assets/main/扫描记录.png","md5":"e28103d36bac0bdb63e8aaddde6692d9"},{"page":"/assets/main/拜访登记.png","md5":"a0d3b9bd1f453d3360b3b9441eb3cf34"},{"page":"/assets/main/拜访记录.png","md5":"3c24ef5c6f67fb6f0d178d1091c641de"},{"page":"/assets/main/运输.png","md5":"b1fa0a5c8d76e2073955c97c47234f44"},{"page":"/assets/person/head.png","md5":"1bcfcb029042987217d6158f3c1430fc"},{"page":"/assets/person/new.png","md5":"dbec31712d5eadafa96a8ecf57168719"},{"page":"/assets/person/old.png","md5":"726b78e3247727287f878eb1014b816a"},{"page":"/assets/person/submit.png","md5":"8ba98cc6ba3a9d2d7ef561a6e3ca6d91"},{"page":"/assets/person/top.png","md5":"a0de4b3a811c758d10e49bf3be33c558"},{"page":"/assets/person/yj.png","md5":"999b2d10200329bf1504521f6dd7ee85"}],"android":"1.0.0","iOS":"1.0.0","appName":"yjapp","jsVersion":"9ffa09237e8c353034bbd9e692972c76","timestamp":1526349790992,"jsPath":"http://47.106.121.134:3001/static/"}
