{"filesMd5":[{"page":"/mediator/index.js","md5":"a35a81fc2c7d2fe85ba4d9315926d6e1"},{"page":"/pages/yjapp/404.js","md5":"874ffc18a379d36244a5d878d3e96e5f"},{"page":"/pages/yjapp/batch-list/batch-list.js","md5":"882d96b34159593b34195700d3ac3d91"},{"page":"/pages/yjapp/collection/collection.js","md5":"d5c3451fc5ab4c52a00562c668bb872a"},{"page":"/pages/yjapp/collection/collectionlist.js","md5":"8bb4272ece8a63191159e399e3525212"},{"page":"/pages/yjapp/echart/detail.js","md5":"fe15024f4718e45d8ce0772d5e13728f"},{"page":"/config/index.js","md5":"d54be7878372034601ed8bb834efec34"},{"page":"/pages/yjapp/echart/list.js","md5":"6a27c5fb681c75824d8f3b1382f7b18b"},{"page":"/pages/yjapp/help/index.js","md5":"9cb47a0e0a8d941793d029c310f626ff"},{"page":"/pages/yjapp/index.js","md5":"55b7183a13061fa982e6e46d6f88aba3"},{"page":"/pages/yjapp/invoice/detail.js","md5":"7e783d2d9af3f05f7e677bcd619b4782"},{"page":"/pages/yjapp/invoice/list.js","md5":"0e6350e84bb40f5ba3d6f8d13119ab33"},{"page":"/pages/yjapp/login.js","md5":"9f3be1c0e050bd9ae1000c64f89a97af"},{"page":"/pages/yjapp/logistical/detail.js","md5":"2ecb1abdb5af86cceebb3c606abde5fb"},{"page":"/pages/yjapp/logistical/dislist.js","md5":"7f19159fd121f31e545f32e25f2d29d3"},{"page":"/pages/yjapp/logistical/pay.js","md5":"d0913605e45c6a1cec64ec8d6b68e7c5"},{"page":"/pages/yjapp/map/map.js","md5":"70c3aa32c9c7ebc0169d3347f1b225c8"},{"page":"/pages/yjapp/muff/index.js","md5":"aa781a3c702c412e5ffa9a64c82a932c"},{"page":"/pages/yjapp/order/detail.js","md5":"8c9a81f73123690d5b9cbc788fee898d"},{"page":"/pages/yjapp/order/list.js","md5":"01ed5139a9f3e1ae97773b8e51c53d36"},{"page":"/pages/yjapp/person/apprecord.js","md5":"f6885cfcf8f5cb3de4b760eb9cef792f"},{"page":"/pages/yjapp/person/person.js","md5":"aeced0315d87e516cdb79d89bd793b73"},{"page":"/pages/yjapp/scan/logisticalscan.js","md5":"a645c6b89bbb435a3bf77ac49063c1cb"},{"page":"/pages/yjapp/service/orderRefund.js","md5":"6410d6317a1f6e14798964b16d8aa529"},{"page":"/pages/yjapp/signin/sigindetail.js","md5":"a98c955bba52767c717848f788abe876"},{"page":"/pages/yjapp/signin/sigin.js","md5":"0a2635f785f3e44b5ad405db1fd6c501"},{"page":"/pages/yjapp/signin/siginlist.js","md5":"a86b0b4da1046be3ec8cb3d85d94baf1"},{"page":"/iconfont/yinjie.ttf","md5":"7704126e3594325d7783d52799f6e949"}],"android":"1.0","iOS":"1.0.0","appName":"yjapp","jsVersion":"870372d2c68def4a39773dbb0c1f8483","timestamp":1531540785967,"jsPath":"http://47.106.121.134:3001/static/"}
