{"filesMd5":[{"page":"/config/index.js","md5":"0122aa25e1f2c143408155c3b7976d69"},{"page":"/mediator/index.js","md5":"54f4c1638aeaedd20606700a39115f54"},{"page":"/pages/yjapp/404.js","md5":"fbc7d7571915372a8f03761d361c9398"},{"page":"/pages/yjapp/collection/collection.js","md5":"724d71f0db1de34ccc3f15a42d908358"},{"page":"/pages/yjapp/batch-list/batch-list.js","md5":"27672065909ef4f16ba8d3f69a3334a7"},{"page":"/pages/yjapp/collection/collectionlist.js","md5":"5ae631607b3516b3dfe298ed79dea657"},{"page":"/pages/yjapp/echart/list.js","md5":"01c32728b00c2fc2d5d3b4393b2b2e3b"},{"page":"/pages/yjapp/help/index.js","md5":"522e27f63c7d230ba7706e4b82bdd2bf"},{"page":"/pages/yjapp/index.js","md5":"c567ec094a69123070cf94f05fbf9fb0"},{"page":"/pages/yjapp/invoice/detail.js","md5":"f554b50f224565fb9252fb300483907d"},{"page":"/pages/yjapp/login.js","md5":"566fe59a5e84dd7d87e691951e5632e2"},{"page":"/pages/yjapp/logistical/detail.js","md5":"8273bc73fa9127ffa2e802504cb74dda"},{"page":"/pages/yjapp/invoice/list.js","md5":"a3b5de745ed117b973a7a9bc3caa0303"},{"page":"/pages/yjapp/logistical/dislist.js","md5":"7695413b5c1b4cbb8e298df7bbb05c9b"},{"page":"/pages/yjapp/logistical/pay.js","md5":"3c8f86638b4f6aa16207701c0370b407"},{"page":"/pages/yjapp/map/map.js","md5":"80a7a24f960d75d4480484ecca6c1f04"},{"page":"/pages/yjapp/order/detail.js","md5":"b9f3ca2f66f434fdd08ba681d4ef0e3e"},{"page":"/pages/yjapp/order/list.js","md5":"4b0b8b60cc133e1aff7d583d6ad18fc4"},{"page":"/pages/yjapp/person/person.js","md5":"c604ad9e8199a694038393a251622058"},{"page":"/pages/yjapp/scan/logisticalscan.js","md5":"4779c5e17124e764dcdd8dd50b60cd15"},{"page":"/pages/yjapp/signin/sigin.js","md5":"9ea25d82751b6df0979bef6739de2836"},{"page":"/pages/yjapp/signin/sigindetail.js","md5":"a98c955bba52767c717848f788abe876"},{"page":"/pages/yjapp/signin/siginlist.js","md5":"ed2aede58da92e173c03c7cc8a0d34a3"},{"page":"/iconfont/yinjie.ttf","md5":"7704126e3594325d7783d52799f6e949"}],"android":"1.0","iOS":"1.0.0","appName":"yjapp","jsVersion":"b1da19489df3d81518af2b37d9ffc693","timestamp":1527907298123,"jsPath":"http://47.106.121.134:3001/static/"}
