{"filesMd5":[{"page":"/config/index.js","md5":"b7ce27a6734e9757bd99842a40df117d"},{"page":"/mediator/index.js","md5":"c939c913281fa400718c5dec15ab1d45"},{"page":"/pages/yjapp/404.js","md5":"671c9205b4275dc76cbc128a977f69cb"},{"page":"/pages/yjapp/batch-list/batch-list.js","md5":"f931620946ccbfb8a6f0f92fafe47ad5"},{"page":"/pages/yjapp/collection/collection.js","md5":"7d412f1d97db69214826cb2b75c1e76e"},{"page":"/pages/yjapp/collection/collectionlist.js","md5":"b2765a8e0d998ad3c5f95dde10ed9976"},{"page":"/pages/yjapp/echart/list.js","md5":"a4f1f45de1620ac901bbe8ffd440f15b"},{"page":"/pages/yjapp/help/index.js","md5":"134b473ecd9ea305767d9d201b4f09fb"},{"page":"/pages/yjapp/index.js","md5":"04f61aa5a27177bfa9bffa6849398452"},{"page":"/pages/yjapp/invoice/detail.js","md5":"937dc4e78d8332338d404c31c2c484df"},{"page":"/pages/yjapp/invoice/list.js","md5":"6f0512ff5a33bf6db33fa3878b1bc3e8"},{"page":"/pages/yjapp/login.js","md5":"07d0af9267065a628585cd5c80fa2aca"},{"page":"/pages/yjapp/logistical/detail.js","md5":"e1dc45d7cab39bd0bd6187edc9b69518"},{"page":"/pages/yjapp/logistical/dislist.js","md5":"924738e5c6d2b3043c4c1d9c0edb6c65"},{"page":"/pages/yjapp/logistical/pay.js","md5":"ac7119f33fd4d1d1eaf14332660f263c"},{"page":"/pages/yjapp/map/map.js","md5":"0c6bdd59498141e59b8ceefa53d64cf4"},{"page":"/pages/yjapp/muff/index.js","md5":"b3abfff88608124db0cfe6998464e6f5"},{"page":"/pages/yjapp/order/detail.js","md5":"9dc830ee87c6b6dac68ffb24bbc5ff77"},{"page":"/pages/yjapp/order/list.js","md5":"799663bd90180e98fd73d22a9b23ada7"},{"page":"/pages/yjapp/person/apprecord.js","md5":"e5eeabbee1d7190cb3e8ce6e118b2f0e"},{"page":"/pages/yjapp/person/person.js","md5":"ae06e746ea3711def7e5a7d4c157dceb"},{"page":"/pages/yjapp/scan/logisticalscan.js","md5":"e06afaea9b1285b6393eb2779c4b67f7"},{"page":"/pages/yjapp/service/orderRefund.js","md5":"d249998487ad583593cbcc1aa4092180"},{"page":"/pages/yjapp/signin/sigin.js","md5":"296c639da6051253f90f0f6753f8dce0"},{"page":"/pages/yjapp/signin/sigindetail.js","md5":"024ceb6034e93f9159265c5ae30870e2"},{"page":"/pages/yjapp/signin/siginlist.js","md5":"7bebada0c328128aa03f8d2797aad34a"},{"page":"/iconfont/yinjie.ttf","md5":"7704126e3594325d7783d52799f6e949"}],"android":"1.0","iOS":"1.0.0","appName":"yjapp","jsVersion":"1163d19c15ac288b38b9b5b61f8fc09e","timestamp":1529458344903,"jsPath":"http://47.106.121.134:3001/static/"}
