{"filesMd5":[{"page":"/config/index.js","md5":"c03ffea30e63eaec243edfdf14a1c056"},{"page":"/pages/yjapp/batch-list/batch-list.js","md5":"2a47a7efd43962118406560b608b9222"},{"page":"/pages/yjapp/404.js","md5":"3ee2e53a48bdda47ed66abfb9a062a08"},{"page":"/mediator/index.js","md5":"7c08b5e930adcef9a34315c2a6f2686e"},{"page":"/pages/yjapp/collection/collection.js","md5":"e34d41db7ba32510002112b4cb777952"},{"page":"/pages/yjapp/collection/collectionlist.js","md5":"9b9d8a6c0cb4299d0de97c95dee7b7c1"},{"page":"/pages/yjapp/help/index.js","md5":"23a6571cc3895ef19b80e2d0472a6cba"},{"page":"/pages/yjapp/echart/list.js","md5":"55c3aa166c3810648010821fa3d7bb8f"},{"page":"/pages/yjapp/index.js","md5":"df6eb025fdb795f46b36a7a577bbc716"},{"page":"/pages/yjapp/invoice/detail.js","md5":"25248e1f9320c8f2f9616eb170dc3a61"},{"page":"/pages/yjapp/invoice/list.js","md5":"b5a65f8d756920fb34f2738bc138aa8f"},{"page":"/pages/yjapp/login.js","md5":"7ca93cc574061a628a46c13ab4f2249c"},{"page":"/pages/yjapp/logistical/detail.js","md5":"9537479b45fb849c803853475e046f83"},{"page":"/pages/yjapp/logistical/dislist.js","md5":"c726dd27ea7b18a010c5bd3f3e45ca05"},{"page":"/pages/yjapp/logistical/pay.js","md5":"86b98c4cca88448daca773f45232ef80"},{"page":"/pages/yjapp/map/map.js","md5":"aa9e67d41c26b0b16f93f9993a1abd45"},{"page":"/pages/yjapp/muff/index.js","md5":"4f5a92b06b5a04e4961a3dff8f332158"},{"page":"/pages/yjapp/order/detail.js","md5":"b3cbbb2c315cfbeb8b4f98592836bb6f"},{"page":"/pages/yjapp/order/list.js","md5":"759535f0f42e596615e4871dbd2c5919"},{"page":"/pages/yjapp/person/apprecord.js","md5":"f8f04ddda13ef1759c66148f5c79b017"},{"page":"/pages/yjapp/person/person.js","md5":"542d522def51329150daa013021c4a5d"},{"page":"/pages/yjapp/scan/logisticalscan.js","md5":"550fa44b2badbfe5f6f995c6a411808f"},{"page":"/pages/yjapp/service/orderRefund.js","md5":"894c1057f1465d40d7991cd822c1f564"},{"page":"/pages/yjapp/signin/sigin.js","md5":"8a5cde593b87e5c33e4575a17c86763e"},{"page":"/pages/yjapp/signin/sigindetail.js","md5":"5492ca692bfdbe757c8b19cab69f37da"},{"page":"/pages/yjapp/signin/siginlist.js","md5":"2d6c5a51e79e7adbd26146236f667cd3"},{"page":"/iconfont/yinjie.ttf","md5":"7704126e3594325d7783d52799f6e949"}],"android":"1.0","iOS":"1.0.0","appName":"yjapp","jsVersion":"340a683042f336e750a6d4d63194b8ee","timestamp":1528365666608,"jsPath":"http://47.106.121.134:3001/static/"}
