{"filesMd5":[{"page":"/mediator/index.js","md5":"7c08b5e930adcef9a34315c2a6f2686e"},{"page":"/config/index.js","md5":"c03ffea30e63eaec243edfdf14a1c056"},{"page":"/pages/yjapp/404.js","md5":"b981391d15a81322215649c2ec33cc43"},{"page":"/pages/yjapp/batch-list/batch-list.js","md5":"b028748e68bbcaadaeb22f0a5e30ab4c"},{"page":"/pages/yjapp/collection/collectionlist.js","md5":"d21b7da5408e4a186a6e883d8ae2030c"},{"page":"/pages/yjapp/echart/list.js","md5":"8ca9fb11279c2db3f4fcefaed3dd8444"},{"page":"/pages/yjapp/help/index.js","md5":"23a6571cc3895ef19b80e2d0472a6cba"},{"page":"/pages/yjapp/collection/collection.js","md5":"e34d41db7ba32510002112b4cb777952"},{"page":"/pages/yjapp/index.js","md5":"db822c9a619feb95df6a1489ccf1db76"},{"page":"/pages/yjapp/invoice/detail.js","md5":"f3333764205c461cbb694ef4b359b244"},{"page":"/pages/yjapp/login.js","md5":"2acd25b53f9a4d29d99f26e958f49fd6"},{"page":"/pages/yjapp/invoice/list.js","md5":"3d3755a021788be89f755511be56e4e6"},{"page":"/pages/yjapp/logistical/detail.js","md5":"be201f2ecf964e73ed726de71cc2a702"},{"page":"/pages/yjapp/logistical/dislist.js","md5":"cf9a0ad4ef971e1b0699cdaa65d9a3a9"},{"page":"/pages/yjapp/map/map.js","md5":"aa9e67d41c26b0b16f93f9993a1abd45"},{"page":"/pages/yjapp/muff/index.js","md5":"ec67a5b1834e84508f5c66c8b08bb21b"},{"page":"/pages/yjapp/order/detail.js","md5":"914336aedbb78cb9c3fc8d55fc745114"},{"page":"/pages/yjapp/logistical/pay.js","md5":"2defe5bdc645bc8ef92c5b17af73777c"},{"page":"/pages/yjapp/order/list.js","md5":"2213fd1229fb4f7011344ec4bc88825c"},{"page":"/pages/yjapp/person/apprecord.js","md5":"f8212cdaa4a3c4a115d844ac2380c2fd"},{"page":"/pages/yjapp/person/person.js","md5":"8dc2afade8e4cbdadc271dd59bad716d"},{"page":"/pages/yjapp/scan/logisticalscan.js","md5":"550fa44b2badbfe5f6f995c6a411808f"},{"page":"/pages/yjapp/service/orderRefund.js","md5":"894c1057f1465d40d7991cd822c1f564"},{"page":"/pages/yjapp/signin/sigin.js","md5":"8a5cde593b87e5c33e4575a17c86763e"},{"page":"/pages/yjapp/signin/siginlist.js","md5":"946fd0d0c1d114f929399692759beab2"},{"page":"/pages/yjapp/signin/sigindetail.js","md5":"5492ca692bfdbe757c8b19cab69f37da"},{"page":"/iconfont/yinjie.ttf","md5":"7704126e3594325d7783d52799f6e949"}],"android":"1.0","iOS":"1.0.0","appName":"yjapp","jsVersion":"8d3cf5fdbd45b1d4e044d19a1e8c91f3","timestamp":1528336696258,"jsPath":"http://47.106.121.134:3001/static/"}
