{"filesMd5":[{"page":"/config/index.js","md5":"d54be7878372034601ed8bb834efec34"},{"page":"/pages/yjapp/404.js","md5":"874ffc18a379d36244a5d878d3e96e5f"},{"page":"/mediator/index.js","md5":"a35a81fc2c7d2fe85ba4d9315926d6e1"},{"page":"/pages/yjapp/batch-list/batch-list.js","md5":"4259b653d6e3a699ccd96960c661ac5c"},{"page":"/pages/yjapp/collection/collection.js","md5":"d5c3451fc5ab4c52a00562c668bb872a"},{"page":"/pages/yjapp/collection/collectionlist.js","md5":"452ca119bbf29e9af6bf6f0802a3de33"},{"page":"/pages/yjapp/echart/detail.js","md5":"8599f5e505a71fed7a55007c34d4aabc"},{"page":"/pages/yjapp/echart/list.js","md5":"86a5fd02bcc91ffdb73a7caa4df55cd3"},{"page":"/pages/yjapp/help/index.js","md5":"9cb47a0e0a8d941793d029c310f626ff"},{"page":"/pages/yjapp/index.js","md5":"f1dba31466a737a4e5f1f7a36e27eb36"},{"page":"/pages/yjapp/invoice/detail.js","md5":"d8183fba7f2c80b67e42cfcb5f05c5d2"},{"page":"/pages/yjapp/invoice/list.js","md5":"076b3bd689c63434f737f470827a38e4"},{"page":"/pages/yjapp/login.js","md5":"5efd3bb5bb8ab575bf2afb21c2bd08b7"},{"page":"/pages/yjapp/logistical/detail.js","md5":"ed75e96d8e50b3b1f622867d11fbfeeb"},{"page":"/pages/yjapp/logistical/dislist.js","md5":"a59090fb3ffb6c58151316b1db8de719"},{"page":"/pages/yjapp/logistical/pay.js","md5":"9bcd066a8c0b5a86c968ae84f83ab4e4"},{"page":"/pages/yjapp/map/map.js","md5":"70c3aa32c9c7ebc0169d3347f1b225c8"},{"page":"/pages/yjapp/muff/index.js","md5":"90b821908f2f5bff4dfd6360263b12a3"},{"page":"/pages/yjapp/order/detail.js","md5":"8b125851e664ba2f6df862bd0d828caa"},{"page":"/pages/yjapp/order/list.js","md5":"f1e7bd8c890f5b39f265ec3956c42512"},{"page":"/pages/yjapp/person/apprecord.js","md5":"b07919d513a1c551adcbe799940da0a2"},{"page":"/pages/yjapp/person/person.js","md5":"69db87be34040ce4124a8805bd570101"},{"page":"/pages/yjapp/scan/logisticalscan.js","md5":"a645c6b89bbb435a3bf77ac49063c1cb"},{"page":"/pages/yjapp/service/orderRefund.js","md5":"526ee805aa2b82d24453cd8f8b665b8a"},{"page":"/pages/yjapp/signin/sigin.js","md5":"0a2635f785f3e44b5ad405db1fd6c501"},{"page":"/pages/yjapp/signin/sigindetail.js","md5":"a98c955bba52767c717848f788abe876"},{"page":"/pages/yjapp/signin/siginlist.js","md5":"5ecfcfde7e49fa4ed85fe415bda5985b"},{"page":"/iconfont/yinjie.ttf","md5":"7704126e3594325d7783d52799f6e949"}],"android":"1.0","iOS":"1.0.0","appName":"yjapp","jsVersion":"ff97a672b6a66ea9984ade1ae4b6d531","timestamp":1532598814695,"jsPath":"http://47.106.121.134:3001/static/"}
