{"filesMd5":[{"page":"/mediator/index.js","md5":"a35a81fc2c7d2fe85ba4d9315926d6e1"},{"page":"/pages/yjapp/404.js","md5":"b347f664b64b6c6b7c07a332433cc173"},{"page":"/config/index.js","md5":"46dd337a91ce9c10198872eb6e8a3259"},{"page":"/pages/yjapp/batch-list/batch-list.js","md5":"3db70d139ac660f42de1113ed2cca188"},{"page":"/pages/yjapp/collection/collection.js","md5":"ca5fd5aab1599fd3fb8daaecf96997c7"},{"page":"/pages/yjapp/collection/collectionlist.js","md5":"401ff8c07c49cd9a572d5a1652580bf6"},{"page":"/pages/yjapp/echart/detail.js","md5":"0632e1e5780119f15cd09a4d94f943db"},{"page":"/pages/yjapp/echart/list.js","md5":"926da0f501bb77d858266ec6910437f6"},{"page":"/pages/yjapp/help/index.js","md5":"9cb47a0e0a8d941793d029c310f626ff"},{"page":"/pages/yjapp/index.js","md5":"c6bd2ac652b92c86f533e01b6fc143fb"},{"page":"/pages/yjapp/invoice/detail.js","md5":"b2b2d88f546d2cf8c39aa013973477ac"},{"page":"/pages/yjapp/invoice/list.js","md5":"fc9b10351f484c38e2deb728ee10802e"},{"page":"/pages/yjapp/login.js","md5":"a4764c7f9f18e7f8ee601e70c403aae8"},{"page":"/pages/yjapp/logistical/detail.js","md5":"35b0a7df11c8c3866cd24c687444583d"},{"page":"/pages/yjapp/logistical/dislist.js","md5":"6e3975a3aaac59f2b2b5dfe152bdc75e"},{"page":"/pages/yjapp/logistical/pay.js","md5":"0815ded795c7e096fda4edbf349461b5"},{"page":"/pages/yjapp/map/map.js","md5":"70c3aa32c9c7ebc0169d3347f1b225c8"},{"page":"/pages/yjapp/muff/index.js","md5":"48fe2982fe80bc7cdeccfb12d6ca593c"},{"page":"/pages/yjapp/order/detail.js","md5":"9ef08b7259b0585bf650c657858d9804"},{"page":"/pages/yjapp/order/list.js","md5":"22c5a019b2e9ee19663c9c8075111e35"},{"page":"/pages/yjapp/person/apprecord.js","md5":"37f3d451bc833d329d1dd7615e2122c9"},{"page":"/pages/yjapp/person/person.js","md5":"9fe94e7a5973751b37296c4949d03ee9"},{"page":"/pages/yjapp/scan/logisticalscan.js","md5":"a645c6b89bbb435a3bf77ac49063c1cb"},{"page":"/pages/yjapp/service/orderRefund.js","md5":"eab015a9082797e9e8474d279a4e3d46"},{"page":"/pages/yjapp/signin/sigin.js","md5":"0a2635f785f3e44b5ad405db1fd6c501"},{"page":"/pages/yjapp/signin/sigindetail.js","md5":"a98c955bba52767c717848f788abe876"},{"page":"/pages/yjapp/signin/siginlist.js","md5":"3a9ffe9740dc0f946cf8a8e89904ce40"},{"page":"/iconfont/yinjie.ttf","md5":"7704126e3594325d7783d52799f6e949"}],"android":"1.0","iOS":"1.0.0","appName":"yjapp","jsVersion":"8592a18a9686405ddcebbca7597a2c25","timestamp":1531100084620,"jsPath":"http://47.106.121.134:3001/static/"}
