{"filesMd5":[{"page":"/config/index.js","md5":"b7ce27a6734e9757bd99842a40df117d"},{"page":"/mediator/index.js","md5":"c939c913281fa400718c5dec15ab1d45"},{"page":"/pages/yjapp/404.js","md5":"671c9205b4275dc76cbc128a977f69cb"},{"page":"/pages/yjapp/echart/list.js","md5":"b79400903ac5b29029f82b687107007c"},{"page":"/pages/yjapp/collection/collectionlist.js","md5":"ede92293e58d3da63e4de592bbf411f8"},{"page":"/pages/yjapp/help/index.js","md5":"134b473ecd9ea305767d9d201b4f09fb"},{"page":"/pages/yjapp/index.js","md5":"6a2e4354f37ed2c3324345b17263a71f"},{"page":"/pages/yjapp/invoice/detail.js","md5":"07c7822415b1afac44fad9c4023326f6"},{"page":"/pages/yjapp/invoice/list.js","md5":"64ebcb5da13cd4ecb9350377c2b5b32f"},{"page":"/pages/yjapp/login.js","md5":"1e4f9f602007e23ee98288a431e72e62"},{"page":"/pages/yjapp/collection/collection.js","md5":"7d412f1d97db69214826cb2b75c1e76e"},{"page":"/pages/yjapp/logistical/detail.js","md5":"9428c45c4d6189b230bebeb31b3852a8"},{"page":"/pages/yjapp/logistical/dislist.js","md5":"9f88e7b98b115c746960f4909d2d99db"},{"page":"/pages/yjapp/map/map.js","md5":"4aac51937e0f4f7add4a07d20ea03d9d"},{"page":"/pages/yjapp/logistical/pay.js","md5":"8b44ecdedd63d345024ec89317a71f78"},{"page":"/pages/yjapp/muff/index.js","md5":"e409bf33738ec39f5b02de9ee90e4276"},{"page":"/pages/yjapp/batch-list/batch-list.js","md5":"836fed13318cda201ee7956e6bd5f06a"},{"page":"/pages/yjapp/order/detail.js","md5":"b32f53ff46eee9f51452488cb38137ae"},{"page":"/pages/yjapp/order/list.js","md5":"502dd57590ebc9f72e48113cad8bb627"},{"page":"/pages/yjapp/person/apprecord.js","md5":"a6e926322bc65207d67550d529e539b7"},{"page":"/pages/yjapp/person/person.js","md5":"681c6b7ab8b85f30007795a4e2f018ed"},{"page":"/pages/yjapp/service/orderRefund.js","md5":"d249998487ad583593cbcc1aa4092180"},{"page":"/pages/yjapp/scan/logisticalscan.js","md5":"e06afaea9b1285b6393eb2779c4b67f7"},{"page":"/pages/yjapp/signin/siginlist.js","md5":"749faf79ac7a1b74c3ae2ce2f0183c82"},{"page":"/pages/yjapp/signin/sigin.js","md5":"296c639da6051253f90f0f6753f8dce0"},{"page":"/pages/yjapp/signin/sigindetail.js","md5":"024ceb6034e93f9159265c5ae30870e2"},{"page":"/iconfont/yinjie.ttf","md5":"7704126e3594325d7783d52799f6e949"}],"android":"1.0","iOS":"1.0.0","appName":"yjapp","jsVersion":"81ea5194d5529807a52ca75f207e2841","timestamp":1528879612191,"jsPath":"http://47.106.121.134:3001/static/"}
