{"filesMd5":[{"page":"/config/index.js","md5":"83c6250249a2c9438f26615a3ee99355"},{"page":"/mediator/index.js","md5":"cc900b43893f790ce0f1ebaa6f977a5e"},{"page":"/pages/yjapp/404.js","md5":"b13e6bcb7dbcece3dfc94c676af3f60d"},{"page":"/pages/yjapp/batch-list/batch-list.js","md5":"b3a8e919199e8c7aea149ec5c906e0ce"},{"page":"/pages/yjapp/collection/collection.js","md5":"b278e548992250d16a9aa498fddc2903"},{"page":"/pages/yjapp/collection/collectionlist.js","md5":"688b8fde1aeaf2a355118061601c0d68"},{"page":"/pages/yjapp/index.js","md5":"f872baf4f6a9914583298528a6b940fc"},{"page":"/pages/yjapp/login.js","md5":"5a20236bc10a51f9b534eea9e22fa4be"},{"page":"/pages/yjapp/logistical/detail.js","md5":"76a292a10bc23316a1d2354def02a3f6"},{"page":"/pages/yjapp/logistical/dislist.js","md5":"41dc87b53ebdf2e89f13ca255b861e5a"},{"page":"/pages/yjapp/logistical/pay.js","md5":"cc002c0d8cc53afa4ddf25b37456fb27"},{"page":"/pages/yjapp/order/detail.js","md5":"44c65b958f8adbf7527875da47178d9b"},{"page":"/pages/yjapp/order/list.js","md5":"6ed03eff5aa4d89aa3f8ba44b3dcfea8"},{"page":"/pages/yjapp/person/person.js","md5":"b3b7b1b31dae02d95d723af17cf66f75"},{"page":"/pages/yjapp/scan/logisticalscan.js","md5":"cdc3f8808f7ffba8c4b9565e88e5e56c"},{"page":"/pages/yjapp/signin/sigin.js","md5":"a223cf2248fcc4b2fabd1c2681135137"},{"page":"/pages/yjapp/signin/sigindetail.js","md5":"5594d321a02d465dc1eb39945a4a9d66"},{"page":"/pages/yjapp/signin/siginlist.js","md5":"7072412e41bdf7ebb2df4a03f62ab4d2"},{"page":"/iconfont/font_1469606063_76593.ttf","md5":"7f64b407dbb118b2bf74aae8488f115e"},{"page":"/iconfont/font_1469606522_9417143.woff","md5":"815be396a2edc810e9daab7eaf94b32e"},{"page":"/iconfont/font_zn5b3jswpofuhaor.ttf","md5":"be67220b1b872c2cba30a35787131d99"},{"page":"/iconfont/iconfont-eros.ttf","md5":"0b8ba2bdcd441231144cb9391e472e08"},{"page":"/iconfont/iconfont.ttf","md5":"fcfd6fc55b5308c896fadc1c08c4b1b0"},{"page":"/assets/alipay.png","md5":"1f023f9fe65c56e1679acd4741078838"},{"page":"/assets/demo.jpg","md5":"ccda4109b98125891d8febd85d78a9de"},{"page":"/assets/la.png","md5":"447f863f9c222d94e6bf365f979897e8"},{"page":"/assets/scan.png","md5":"4d9c7192e4ecc85623d3f359fce001e4"},{"page":"/assets/wechatpay.png","md5":"c1ccd0977d69624f56b88b5ef9e7df36"},{"page":"/assets/yj.png","md5":"96e4d4fa1ec7141fc095cebfacfdf6ea"},{"page":"/assets/distribution/bg.png","md5":"5e4de85bea2243f19282f4f9f7662368"},{"page":"/assets/distribution/listbg.gif","md5":"5a8a0f63c64a786e59b74fb33840c6b4"},{"page":"/assets/icon/1.png","md5":"d16b3c20338abfb2837b6aa332ab0b70"},{"page":"/assets/icon/2.png","md5":"17b6cc232401a369c2e570dd49e79ceb"},{"page":"/assets/icon/3.png","md5":"59a3d73f3f60fa238f0fc052b267aad1"},{"page":"/assets/icon/4.png","md5":"c88196b357da606a3ceea0508fc641fc"},{"page":"/assets/icon/5.png","md5":"9a63e3d241dd2fadc96bb240da14e429"},{"page":"/assets/icon/6.png","md5":"80048b809d8a27ed07eb7dcd4febb25f"},{"page":"/assets/icon/7.png","md5":"8a0dde4b839b73fdaf4376e7bcbe2d55"},{"page":"/assets/icon/8.png","md5":"2e6e6399a12450d708ae37cdb7f8beaa"},{"page":"/assets/icon/company.png","md5":"6c8df0f278eb6acc4c76a77409013136"},{"page":"/assets/icon/orderimg.png","md5":"a714a83f1cd091f4750a4129c6bc3c6f"},{"page":"/assets/icon/orderstatus.png","md5":"4968f0edd9414b5245d2f4c206de05d5"},{"page":"/assets/icon/ordertab.png","md5":"509a9ad54c44a272757de2020e902d7f"},{"page":"/assets/icon/tabimg.png","md5":"037b90b9d72b0dea3fac1ad6c3613d07"},{"page":"/assets/icon/time.png","md5":"0d40b461457d267c148ebeed29d26826"},{"page":"/assets/icon/user.png","md5":"19f091c5343199ea75741dc2357f9b91"},{"page":"/assets/icon/userid.png","md5":"64a31ab2054ce8848c7fd29271a2568c"},{"page":"/assets/icon/username.png","md5":"f1183c2c79762c00eb5abe6b42b437d0"},{"page":"/assets/list/1.png","md5":"4cbd8b750949ebd9f0234f67d66c7719"},{"page":"/assets/list/2.png","md5":"776fc43578e2d4783698327b22296112"},{"page":"/assets/list/3.png","md5":"4cbd8b750949ebd9f0234f67d66c7719"},{"page":"/assets/list/4.png","md5":"b4f1685b6d88209370788f0d0fa06039"},{"page":"/assets/list/alipay.png","md5":"dbf02b5af1fcc84e3866cd31e7e43442"},{"page":"/assets/list/code.png","md5":"7cb5931323a828c538b7f97a15c2e071"},{"page":"/assets/list/codebg.png","md5":"8637a13f8651b5f07d565ff2edee5ed3"},{"page":"/assets/list/wechatpay.png","md5":"93ffc261c9c27dae278ab4d8d53a9246"},{"page":"/assets/login/loginbg.png","md5":"71e39148d562408856d11498628993d3"},{"page":"/assets/login/loginbtn.png","md5":"01d0642fe2a43a99a19590fd2fdecc4e"},{"page":"/assets/login/logo.png","md5":"314c822ed9961b54390fc2ae08e0bc6e"},{"page":"/assets/login/pwdicon.png","md5":"05ad554b3518eb0b32429fd5fff61a35"},{"page":"/assets/login/usericon.png","md5":"d44abf25b702791810df122adb7223db"},{"page":"/assets/main/1.png","md5":"b6988ed5daf9096e5fe4ed40ae8586d7"},{"page":"/assets/main/2.png","md5":"bc08a32e7906414f0bb66f04c26684e1"},{"page":"/assets/main/3.png","md5":"3731e6ed77b9a9678ec7577c8e06754e"},{"page":"/assets/main/4.png","md5":"adbf7b3cd59da04aa6be616ef121343c"},{"page":"/assets/main/list-active.png","md5":"bb3a08904751953c5af8661939c30c4e"},{"page":"/assets/main/list.png","md5":"a7aca518125520b1b61ae14cb38b2a1d"},{"page":"/assets/main/main-active.png","md5":"32a78b5810b830a8ef964930207c04d0"},{"page":"/assets/main/main-bg1.png","md5":"b7bdbdf36ae65295f83ff03c82964a43"},{"page":"/assets/main/main.png","md5":"6df3cb316f3135694f2496d619a76b82"},{"page":"/assets/main/person-active.png","md5":"435da10f8a6bd7ce18b8aa1db46cfbb7"},{"page":"/assets/main/person.png","md5":"3650694d3fd80c2ca4a7f6546738fd75"},{"page":"/assets/main/个人中心2.png","md5":"067832af155f48cbacd1ae153b4300fd"},{"page":"/assets/main/主1.png","md5":"8fbd0f3f3ca9a05ca5c1f07589000f8a"},{"page":"/assets/main/主2.png","md5":"cadbbbf8e76763293d8014c36254c2f9"},{"page":"/assets/main/分仓入仓.png","md5":"e49a88da0dfa7c387af3bfa9f176d73e"},{"page":"/assets/main/开始配送.png","md5":"41612eba4dcdd343609207945206c6f7"},{"page":"/assets/main/扫描记录.png","md5":"0a5b94160f58ee4f5ed730126b30be8a"},{"page":"/assets/main/拜访登记.png","md5":"625dc4dbf90427da32d5cc8b9810dcae"},{"page":"/assets/main/拜访记录.png","md5":"b602d6db916c1807d58660d80d588494"},{"page":"/assets/main/运输.png","md5":"13c06b58ec65833ca6d6cc56a3d907a0"},{"page":"/assets/person/head.png","md5":"81b732923d14f7ef63d90309f3058e9e"},{"page":"/assets/person/new.png","md5":"59de8bb565e97684f6e1fc08b1478294"},{"page":"/assets/person/old.png","md5":"f3d5f72dacf77a277f2be231e6f8a59d"},{"page":"/assets/person/submit.png","md5":"64c7dfa1eb2134cc69394f988316bdfc"},{"page":"/assets/person/top.png","md5":"8cb7d3868e3846de76d85ad0e0098ca9"},{"page":"/assets/person/yj.png","md5":"96e4d4fa1ec7141fc095cebfacfdf6ea"}],"android":"1.0","iOS":"1.0.0","appName":"yjapp","jsVersion":"d9bf1a087a78ed26a321b7af42f4520d","timestamp":1526353787399,"jsPath":"http://47.106.121.134:3001/static/"}
